{"MACHINE_SSL_CERT": {"owner": "root", "read": ["lighttpd", "vsm", "vsan-health", "vlcm", "updatemgr", "vsphere-ui", "vpxd", "vpostgres"], "write": ["rhttpproxy"]}, "TRUSTED_ROOTS": {"owner": "root", "read": ["vpxd", "EVERYONE"], "write": []}, "TRUSTED_ROOT_CRLS": {"owner": "root", "read": ["vpxd", "EVERYONE"], "write": []}, "machine": {"owner": "root", "read": ["statsmon", "vsan-health", "sca", "vpxd", "observability"], "write": ["certmgr", "infraprofile", "certauth"]}, "vsphere-webclient": {"owner": "root", "read": ["perfcharts", "analytics", "vsphere-ui", "vpxd", "vapiEndpoint"], "write": ["infraprofile"]}, "vpxd": {"owner": "root", "read": ["vsan-health", "vpxd"], "write": []}, "vpxd-extension": {"owner": "root", "read": ["imagebuilder", "content-library", "wcp", "vstatsuser", "deploy", "vsm", "vsan-health", "vlcm", "updatemgr", "eam", "analytics", "vsphere-ui", "vpxd"], "write": ["sps", "infraprofile"]}, "SMS": {"owner": "sps", "read": ["deploy"], "write": []}, "APPLMGMT_PASSWORD": {"owner": "root", "read": [], "write": []}, "data-encipherment": {"owner": "root", "read": ["vpxd"], "write": []}, "hvc": {"owner": "root", "read": ["vpxd"], "write": []}, "wcp": {"owner": "root", "read": ["wcp", "content-library"], "write": []}}