{"MACHINE_SSL_CERT": {"owner": "root", "read": ["lighttpd", "vsphere-ui", "vsm", "vsan-health", "vlcm", "updatemgr", "vpxd", "vpostgres"], "write": ["rhttpproxy"]}, "TRUSTED_ROOTS": {"owner": "root", "read": ["vpxd", "EVERYONE"], "write": ["sps"]}, "TRUSTED_ROOT_CRLS": {"owner": "root", "read": ["vpxd", "EVERYONE"], "write": []}, "machine": {"owner": "root", "read": ["vsan-health", "sca", "observability", "vpxd"], "write": ["certmgr", "infraprofile", "certauth"]}, "vsphere-webclient": {"owner": "root", "read": ["perfcharts", "vsphere-ui", "analytics", "vpxd", "vapiEndpoint"], "write": ["infraprofile"]}, "vpxd": {"owner": "root", "read": ["vsan-health", "vpxd"], "write": []}, "vpxd-extension": {"owner": "root", "read": ["imagebuilder", "content-library", "wcp", "vstatsuser", "vsphere-ui", "vsm", "vsan-health", "vlcm", "updatemgr", "eam", "analytics", "vpxd"], "write": ["infraprofile"]}, "SMS": {"owner": "sps", "read": ["deploy"], "write": []}, "APPLMGMT_PASSWORD": {"owner": "root", "read": [], "write": []}, "data-encipherment": {"owner": "root", "read": ["vpxd"], "write": []}, "hvc": {"owner": "root", "read": ["vpxd"], "write": []}, "wcpsvc": {"owner": "root", "read": ["wcp", "content-library"], "write": []}}